filename,source_url,license,creator,title
seoul_001.jpg,https://www.flickr.com/photos/8055436@N08/14827310695,CC BY 2.0,Kim Hanwool,_IMG_8778
seoul_002.jpg,https://www.flickr.com/photos/43846028@N05/4184448354,CC BY 2.0,sellyourseoul,Oh Janaewatneungga (tea house) in Insadong
seoul_003.jpg,https://www.flickr.com/photos/8055436@N08/14640674938,CC BY 2.0,Kim Hanwool,_IMG_8789
seoul_004.jpg,https://www.flickr.com/photos/13518023@N03/9538038410,CC BY-SA 2.0,michaelseangallagher,"Jongno Binddaedeok, Seoul, Korea"
seoul_005.jpg,https://www.flickr.com/photos/54050589@N04/15055994113,CC BY-SA 2.0,jedydjah,Seoul-street6
seoul_006.jpg,https://www.flickr.com/photos/86137128@N07/8405188000,CC BY 2.0,Seoul Guide Korea,Dongdaemun Design Plaza
seoul_007.jpg,https://www.flickr.com/photos/34513998@N02/5270456673,CC BY 2.0,foot fingers,IMG_1025
seoul_008.jpg,https://www.flickr.com/photos/17616316@N00/5747723179,CC BY 2.0,Emmanuel Dyan,"Namdaemun Market - Seoul, South Korea"
seoul_009.jpg,https://www.flickr.com/photos/83453341@N00/8177413964,CC BY 2.0,Gecko Art,"16,000 strings!"
seoul_010.jpg,https://www.flickr.com/photos/49503165485@N01/5166351572,CC BY 2.0,Marc_Smith,"Everyone is staring at their phone, on the Seoul Metro, Seoul, Korea November 2010"
seoul_011.jpg,https://www.flickr.com/photos/54329815@N00/341808612,CC BY 2.0,Andrew Currie,AC in Itaewon
seoul_012.jpg,https://www.flickr.com/photos/61712778@N00/493683104,CC BY 2.0,huipiiing,Girl posing for photos
seoul_013.jpg,https://www.flickr.com/photos/27284887@N03/5377021551,CC BY 2.0,seafaringwoman,Dance party unity
seoul_014.jpg,https://www.flickr.com/photos/35468148654@N01/319279750,CC BY 2.0,jared,Hansol Huh playing Lennon
seoul_015.jpg,https://www.flickr.com/photos/62720861@N03/5799918893,CC BY 2.0,m j s photography,smiles.
seoul_016.jpg,https://www.flickr.com/photos/57669526@N04/7431662876,CC BY 2.0,Dai Luo,The devil is in the details
seoul_017.jpg,https://www.flickr.com/photos/35914311@N03/9762173942,CC BY 2.0,emilio labrador,Making More Beauty
seoul_018.jpg,https://www.flickr.com/photos/27284887@N03/7004865994,CC BY 2.0,seafaringwoman,Katrina and I on a coffee date
seoul_019.jpg,https://www.flickr.com/photos/43846028@N05/4268157714,CC BY 2.0,sellyourseoul,"Walking on the Cloud Bar, 63 Building"
seoul_020.jpg,https://www.flickr.com/photos/51096110@N00/4930655652,CC BY 2.0,dok1,Seoul Drug Cache
seoul_021.jpg,https://www.flickr.com/photos/43846028@N05/4183438099,CC BY 2.0,sellyourseoul,Insadong
seoul_022.jpg,https://www.flickr.com/photos/17616316@N00/5748304944,CC BY 2.0,Emmanuel Dyan,"Namdaemun Market - Seoul, South Korea"
seoul_023.jpg,https://www.flickr.com/photos/43846028@N05/4265471380,CC BY 2.0,sellyourseoul,Haircut at Myeongdong
seoul_024.jpg,https://www.flickr.com/photos/11061570@N00/74723726,CC BY 2.0,Swiss James,IMG_2735
seoul_025.jpg,https://www.flickr.com/photos/76474448@N00/5462661620,CC BY 2.0,-Jérôme-,Soucieux devant le modernisme?
seoul_026.jpg,https://www.flickr.com/photos/30760976@N04/21883197346,CC BY-SA 2.0,anokarina,"“Friends we shall never be, you know that yourself. Whether we shall be the happiest or the wretchedest of people–that’s in your hands.” ―Leo Tolstoy (at Itaewon Station)"
seoul_027.jpg,https://www.flickr.com/photos/68109941@N03/17358921494,CC BY 2.0,CiaoHo,seoul may22.2015samsung note4
seoul_028.jpg,https://www.flickr.com/photos/43846028@N05/4265469384,CC BY 2.0,sellyourseoul,Haircut at Myeongdong
seoul_029.jpg,https://www.flickr.com/photos/35914311@N03/9416779821,CC BY 2.0,emilio labrador,Gangnam Style
seoul_030.jpg,https://www.flickr.com/photos/127407599@N05/16844079797,CC BY 2.0,dako_huang,coffee smith
seoul_031.jpg,https://www.flickr.com/photos/42438955@N05/54482010983,CC BY-SA 2.0,KOREA.NET - Official page of the Republic of Korea,"A Time Travel, Sejong: Royal Palace Daily Life (2025 Spring K-Royal Culture Festival)"
seoul_032.jpg,https://www.flickr.com/photos/86994034@N07/20815730620,CC BY 2.0,almyki,Nine9Style Cafe
seoul_033.jpg,https://www.flickr.com/photos/58820009@N05/7221027574,CC BY-SA 2.0,Eva Rinaldi Celebrity Photographer,Seal
seoul_034.jpg,https://www.flickr.com/photos/54050589@N04/8295694827,CC BY-SA 2.0,jedydjah,A taste of Korea 09
seoul_035.jpg,https://www.flickr.com/photos/91014676@N05/8296808909,CC BY-SA 2.0,alexey.matveichev,Young people
seoul_036.jpg,https://www.flickr.com/photos/43846028@N05/4264718411,CC BY 2.0,sellyourseoul,Haircut at Myeongdong
seoul_037.jpg,https://www.flickr.com/photos/43846028@N05/4265471816,CC BY 2.0,sellyourseoul,Haircut at Myeongdong
seoul_038.jpg,https://www.flickr.com/photos/34513998@N02/5270532273,CC BY 2.0,foot fingers,IMG_1070
seoul_039.jpg,https://www.flickr.com/photos/42438955@N05/8574422864,CC BY-SA 2.0,KOREA.NET - Official page of the Republic of Korea,Korea_Gwangwhamun_Market_01
seoul_040.jpg,https://www.flickr.com/photos/89075592@N00/31664843,CC BY-SA 2.0,Nagyman,Bigguns
seoul_041.jpg,https://www.flickr.com/photos/35468148654@N01/319280138,CC BY 2.0,jared,Korean developers
seoul_042.jpg,https://www.flickr.com/photos/66172503@N00/8558724184,CC BY 2.0,IchStyle,전쟁과 평화... 한 발짝 물러서서 한 숨 고르기 #Seoul #Shinchon #Subway #Rush #Hour
seoul_043.jpg,https://www.flickr.com/photos/51096110@N00/93575397,CC BY 2.0,dok1,Three Korean Men
seoul_044.jpg,https://www.flickr.com/photos/89075592@N00/31664436,CC BY-SA 2.0,Nagyman,Don't pull the tails
seoul_045.jpg,https://www.flickr.com/photos/34513998@N02/5271143190,CC BY 2.0,foot fingers,cosplay green hair
seoul_046.jpg,https://www.flickr.com/photos/7711906@N07/15241716131,CC BY 2.0,Nestor's Blurrylife,Lubitel 2 in Seoul
seoul_047.jpg,https://www.flickr.com/photos/43846028@N05/4194953462,CC BY 2.0,sellyourseoul,"Bukchon Cultural Center, Insadong"
seoul_048.jpg,https://www.flickr.com/photos/123012464@N05/14953806405,CC BY 2.0,natasia.causse,18 Aug 2014 - A woman explains the chants to a relative
seoul_049.jpg,https://www.flickr.com/photos/43846028@N05/4265467114,CC BY 2.0,sellyourseoul,Haircut at Myeongdong
seoul_050.jpg,https://www.flickr.com/photos/42438955@N05/8573330607,CC BY-SA 2.0,KOREA.NET - Official page of the Republic of Korea,Korea_Gwangwhamun_Market_09
seoul_051.jpg,https://www.flickr.com/photos/57669526@N04/7431636066,CC BY 2.0,Dai Luo,Sittin on a bench in Seoul
seoul_052.jpg,https://www.flickr.com/photos/34513998@N02/5259774291,CC BY 2.0,foot fingers,Korean girls shopping in Seoul
seoul_053.jpg,https://www.flickr.com/photos/42438955@N05/8242692617,CC BY-SA 2.0,KOREA.NET - Official page of the Republic of Korea,Korea_Changgyeonggung_DailyLife_01
seoul_054.jpg,https://www.flickr.com/photos/42438955@N05/8242690739,CC BY-SA 2.0,KOREA.NET - Official page of the Republic of Korea,Korea_Changgyeonggung_DailyLife_06
seoul_055.jpg,https://www.flickr.com/photos/43846028@N05/4255745643,CC BY 2.0,sellyourseoul,"Learning B-Boy Dance, Hongik University (Hongdae) Station"
seoul_056.jpg,https://www.flickr.com/photos/42438955@N05/8243760800,CC BY-SA 2.0,KOREA.NET - Official page of the Republic of Korea,Korea_Changgyeonggung_DailyLife_04
seoul_057.jpg,https://www.flickr.com/photos/47038415@N00/4394905176,CC BY 2.0,Augapfel,Posing in Front of Blood Sausage
seoul_058.jpg,https://www.flickr.com/photos/52522100@N07/17206216285,CC BY 2.0,TechCrunch,138-April-TechCrunch-Meetup-Seoul
seoul_059.jpg,https://www.flickr.com/photos/42438955@N05/8243757122,CC BY-SA 2.0,KOREA.NET - Official page of the Republic of Korea,Korea_Changgyeonggung_DailyLife_14
seoul_060.jpg,https://www.flickr.com/photos/10073573@N00/3089715308,CC BY 2.0,JoopDorresteijn,Last night in Seoul for Erik
seoul_061.jpg,https://www.flickr.com/photos/17616316@N00/5748312672,CC BY 2.0,Emmanuel Dyan,"Namdaemun Market - Seoul, South Korea"
seoul_062.jpg,https://www.flickr.com/photos/43335486@N00/11053498355,CC BY-SA 2.0,Ben Heine,"Ben Heine Solo Exhibition at Hyehwa Art Center in Seoul, South Korea"
seoul_063.jpg,https://www.flickr.com/photos/27284887@N03/7432024174,CC BY 2.0,seafaringwoman,"Prize seekers, light seekers"
seoul_064.jpg,https://www.flickr.com/photos/123407889@N03/19537084659,CC BY 2.0,taijan.huang,"Seoul, Korea"
seoul_065.jpg,https://www.flickr.com/photos/54050589@N04/15055980333,CC BY-SA 2.0,jedydjah,Seoul-street8
seoul_066.jpg,https://www.flickr.com/photos/93315533@N08/8590381842,CC BY 2.0,Kieran C.,Busy Hawker
seoul_067.jpg,https://www.flickr.com/photos/27284887@N03/7004859852,CC BY 2.0,seafaringwoman,Katrina being adorable with her favorite animal
seoul_068.jpg,https://www.flickr.com/photos/66172503@N00/8632393423,CC BY 2.0,IchStyle,일상으로의 복귀... 다시 전쟁터로... #Seoul #Ordinary #Life #Rush #Hours #War #Subway
seoul_069.jpg,https://www.flickr.com/photos/42438955@N05/8574424464,CC BY-SA 2.0,KOREA.NET - Official page of the Republic of Korea,Korea_Gwangwhamun_Market_02
seoul_070.jpg,https://www.flickr.com/photos/123407889@N03/19437867310,CC BY 2.0,taijan.huang,"Peeping. Seoul,Korea."
seoul_071.jpg,https://www.flickr.com/photos/14642469@N00/5017353162,CC BY 2.0,Zyan,Haruna
seoul_072.jpg,https://www.flickr.com/photos/7711906@N07/15219990115,CC BY 2.0,Nestor's Blurrylife,Amsterdam-Seoul Double Exposures
seoul_073.jpg,https://www.flickr.com/photos/66172503@N00/8900333437,CC BY 2.0,IchStyle,忙中閑 Take time off and relax #Seoul #Cafe #Bar #Barista
seoul_074.jpg,https://www.flickr.com/photos/17616316@N00/5748747296,CC BY 2.0,Emmanuel Dyan,"Seoul, South Korea"
seoul_075.jpg,https://www.flickr.com/photos/153810566@N06/41892315891,CC BY 2.0,IamCoto,Gangnam?! Style. Cool.
seoul_076.jpg,https://www.flickr.com/photos/26652115@N06/7206973488,CC BY 2.0,NHD-INFO,Et vindu ut mot Norge
seoul_077.jpg,https://www.flickr.com/photos/17616316@N00/5748296318,CC BY 2.0,Emmanuel Dyan,"Namdaemun Market - Seoul, South Korea"
seoul_078.jpg,https://www.flickr.com/photos/45798836@N00/4709179505,CC BY 2.0,taqumi,
seoul_079.jpg,https://www.flickr.com/photos/23421303@N05/3541745246,CC BY-SA 2.0,Jrwooley6,How I Often Feel on the Subway
seoul_080.jpg,https://www.flickr.com/photos/42438955@N05/54482092135,CC BY-SA 2.0,KOREA.NET - Official page of the Republic of Korea,"A Time Travel, Sejong: Royal Palace Daily Life (2025 Spring K-Royal Culture Festival)"
seoul_081.jpg,https://www.flickr.com/photos/14642469@N00/5467078949,CC BY 2.0,Zyan,Extranjeros
seoul_082.jpg,https://www.flickr.com/photos/13518023@N03/9535247485,CC BY-SA 2.0,michaelseangallagher,"Jongno Binddaedeok, Seoul, Korea"
seoul_083.jpg,https://www.flickr.com/photos/35914311@N03/9762433773,CC BY 2.0,emilio labrador,Cool And Cooler
seoul_084.jpg,https://www.flickr.com/photos/35034365374@N01/3432729175,CC BY-SA 2.0,nickgraywfu,Seoul Subway
seoul_085.jpg,https://www.flickr.com/photos/42438955@N05/16303094084,CC BY-SA 2.0,KOREA.NET - Official page of the Republic of Korea,Gyeongbokgung_Royal_Walking_17
seoul_086.jpg,https://www.flickr.com/photos/79121222@N00/469138178,CC BY 2.0,karendotcom127,IMG_2180
seoul_087.jpg,https://www.flickr.com/photos/76474448@N00/5462667456,CC BY 2.0,-Jérôme-,En costume traditionel furtif
seoul_088.jpg,https://www.flickr.com/photos/17616316@N00/5747755401,CC BY 2.0,Emmanuel Dyan,"Namdaemun Market - Seoul, South Korea"
seoul_089.jpg,https://www.flickr.com/photos/56619626@N05/5460197485,CC BY-SA 2.0,InSapphoWeTrust,Seoul Subway Line 2 (Seoul Metro 2000 Series) 서울지하철 2호선
seoul_090.jpg,https://www.flickr.com/photos/35468148654@N01/319279410,CC BY 2.0,jared,Seoul Media Jam 01!
seoul_091.jpg,https://www.flickr.com/photos/126817823@N08/15142394802,CC BY 2.0,sunbeams879,"Seoul, South Korea"
seoul_092.jpg,https://www.flickr.com/photos/53688999@N02/4971870823,CC BY 2.0,Ctsimp77,Itaewon street shot
seoul_093.jpg,https://www.flickr.com/photos/43846028@N05/4198626531,CC BY 2.0,sellyourseoul,Bukchon Walking Tour - Bukchon Guest House
seoul_094.jpg,https://www.flickr.com/photos/51096110@N00/2476232339,CC BY 2.0,dok1,Korean Rickshaws
seoul_095.jpg,https://www.flickr.com/photos/71503020@N00/1894114704,CC BY 2.0,Drab Makyo,Awr.
seoul_096.jpg,https://www.flickr.com/photos/42438955@N05/8573331273,CC BY-SA 2.0,KOREA.NET - Official page of the Republic of Korea,Korea_Gwangwhamun_Market_03
seoul_097.jpg,https://www.flickr.com/photos/28415633@N00/8402365283,CC BY 2.0,Jirka Matousek,"Floating Island (세빛둥둥섬), Seoul, South Korea"
seoul_098.jpg,https://www.flickr.com/photos/17616316@N00/5748273486,CC BY 2.0,Emmanuel Dyan,"Namdaemun Market - Seoul, South Korea"
seoul_099.jpg,https://www.flickr.com/photos/39298920@N00/102951267,CC BY 2.0,JustABoy,Subway Itaewon
seoul_100.jpg,https://www.flickr.com/photos/8055436@N08/14847112913,CC BY 2.0,Kim Hanwool,_IMG_8728
