id,type,question_number,title,image_url,options,created_at,updated_at,category,is_inverse
101,text,1,특별한 날이 아니어도 어떤 이미지로 보일지 생각하면서 옷을 고르는 편이다.,null,"[{""text"":""매우 그렇다."",""score"":3},{""text"":""그렇다."",""score"":2},{""text"":""조금 그렇다."",""score"":1},{""text"":""조금 그렇지 않다."",""score"":-1},{""text"":""그렇지 않다."",""score"":-2},{""text"":""매우 그렇지 않다."",""score"":-3}]",2026-09-19 21:57:18.581191+00,2026-09-20 05:11:01.567+00,E/I,false
115,text,11,몸과 옷 사이에 여유가 있는 핏을 선호하는 편이다.,null,"[{""text"":""매우 그렇다."",""score"":-3},{""text"":""그렇다."",""score"":-2},{""text"":""조금 그렇다."",""score"":-1},{""text"":""조금 그렇지 않다."",""score"":1},{""text"":""그렇지 않다."",""score"":2},{""text"":""매우 그렇지 않다."",""score"":3}]",2026-09-19 22:10:14.860331+00,2026-09-20 05:14:16.426+00,S/R,true
107,text,5,쇼핑하다 평소 보던 것과 다른 디자인의 옷을 발견하면 한번 입어보고 싶어진다.,null,"[{""text"":""매우 그렇다."",""score"":3},{""text"":""그렇다."",""score"":2},{""text"":""조금 그렇다."",""score"":1},{""text"":""조금 그렇지 않다."",""score"":-1},{""text"":""그렇지 않다."",""score"":-2},{""text"":""매우 그렇지 않다."",""score"":-3}]",2026-09-19 22:03:06.354598+00,2026-09-20 05:14:59.043+00,C/T,false
108,text,6,기존 디자인을 새롭게 재해석한 옷에 마음이 끌리는 편이다.,null,"[{""text"":""매우 그렇다."",""score"":3},{""text"":""그렇다."",""score"":2},{""text"":""조금 그렇다."",""score"":1},{""text"":""조금 그렇지 않다."",""score"":-1},{""text"":""그렇지 않다."",""score"":-2},{""text"":""매우 그렇지 않다."",""score"":-3}]",2026-09-19 22:03:31.908573+00,2026-09-20 05:16:40.144+00,C/T,false
102,text,2,스타일이 맘에 쏙 드는 날은 사진으로 남기거나 누군가에게 보여주고 싶어진다.,null,"[{""text"":""매우 그렇다."",""score"":3},{""text"":""그렇다."",""score"":2},{""text"":""조금 그렇다."",""score"":1},{""text"":""조금 그렇지 않다."",""score"":-1},{""text"":""그렇지 않다."",""score"":-2},{""text"":""매우 그렇지 않다."",""score"":-3}]",2026-09-19 21:58:04.142154+00,2026-09-20 05:11:28.826+00,E/I,false
116,text,12,움직일 때 여유롭고 자연스럽게 느껴지는 실루엣에 더 끌리는 편이다.,null,"[{""text"":""매우 그렇다."",""score"":-3},{""text"":""그렇다."",""score"":-2},{""text"":""조금 그렇다."",""score"":-1},{""text"":""조금 그렇지 않다."",""score"":1},{""text"":""그렇지 않다."",""score"":2},{""text"":""매우 그렇지 않다."",""score"":3}]",2026-09-19 22:11:23.335418+00,2026-09-20 05:13:55.959+00,S/R,true
92,image,25,당신의 스타일은?,null,"[{""text"":""여성 선택지 1"",""score"":2,""gender"":""F"",""image_url"":""https://ttcbqxmljloxaaqytxsm.supabase.co/storage/v1/object/public/style-images/questionnaires/questionnaire_1787499570092.png""},{""text"":""여성 선택지 2"",""score"":-2,""gender"":""F"",""image_url"":""https://ttcbqxmljloxaaqytxsm.supabase.co/storage/v1/object/public/style-images/questionnaires/questionnaire_1787793981894.png""},{""text"":""남성 선택지 1"",""score"":2,""gender"":""M"",""image_url"":""https://ttcbqxmljloxaaqytxsm.supabase.co/storage/v1/object/public/style-images/questionnaires/questionnaire_1787499571541.png""},{""text"":""남성 선택지 2"",""score"":-2,""gender"":""M"",""image_url"":""https://ttcbqxmljloxaaqytxsm.supabase.co/storage/v1/object/public/style-images/questionnaires/questionnaire_1787499572574.png""}]",2026-08-14 08:06:13.226355+00,2026-08-27 01:26:22.962+00,C/T,false
94,image,27,당신의 스타일은?,null,"[{""text"":""여성 선택지 1"",""score"":-2,""gender"":""F"",""image_url"":""https://ttcbqxmljloxaaqytxsm.supabase.co/storage/v1/object/public/style-images/questionnaires/questionnaire_1787499952376.png""},{""text"":""여성 선택지 2"",""score"":2,""gender"":""F"",""image_url"":""https://ttcbqxmljloxaaqytxsm.supabase.co/storage/v1/object/public/style-images/questionnaires/questionnaire_1787499953799.png""},{""text"":""남성 선택지 1"",""score"":-2,""gender"":""M"",""image_url"":""https://ttcbqxmljloxaaqytxsm.supabase.co/storage/v1/object/public/style-images/questionnaires/questionnaire_1787499954500.png""},{""text"":""남성 선택지 2"",""score"":2,""gender"":""M"",""image_url"":""https://ttcbqxmljloxaaqytxsm.supabase.co/storage/v1/object/public/style-images/questionnaires/questionnaire_1787499955057.png""}]",2026-08-14 08:10:21.953898+00,2026-09-08 10:06:05.072+00,S/R,false
97,image,30,당신의 스타일은?,null,"[{""text"":""여성 선택지 1"",""score"":2,""gender"":""F"",""image_url"":""https://ttcbqxmljloxaaqytxsm.supabase.co/storage/v1/object/public/style-images/questionnaires/questionnaire_1787500418768.png""},{""text"":""여성 선택지 2"",""score"":-2,""gender"":""F"",""image_url"":""https://ttcbqxmljloxaaqytxsm.supabase.co/storage/v1/object/public/style-images/questionnaires/questionnaire_1787500419950.png""},{""text"":""남성 선택지 1"",""score"":2,""gender"":""M"",""image_url"":""https://ttcbqxmljloxaaqytxsm.supabase.co/storage/v1/object/public/style-images/questionnaires/questionnaire_1787500420546.png""},{""text"":""남성 선택지 2"",""score"":-2,""gender"":""M"",""image_url"":""https://ttcbqxmljloxaaqytxsm.supabase.co/storage/v1/object/public/style-images/questionnaires/questionnaire_1787500422340.png""}]",2026-08-14 08:16:14.11308+00,2026-08-23 15:53:43.173+00,D/M,false
119,text,14,스타일에 포인트가 되는 색상이나 장식이 있는 옷을 좋아하는 편이다.,null,"[{""text"":""매우 그렇다."",""score"":3},{""text"":""그렇다."",""score"":2},{""text"":""조금 그렇다."",""score"":1},{""text"":""조금 그렇지 않다."",""score"":-1},{""text"":""그렇지 않다."",""score"":-2},{""text"":""매우 그렇지 않다."",""score"":-3}]",2026-09-19 22:12:38.673156+00,2026-09-20 05:13:25.376+00,D/M,false
95,image,28,당신의 스타일은?,null,"[{""text"":""여성 선택지 1"",""score"":-2,""gender"":""F"",""image_url"":""https://ttcbqxmljloxaaqytxsm.supabase.co/storage/v1/object/public/style-images/questionnaires/questionnaire_1787500082054.png""},{""text"":""여성 선택지 2"",""score"":2,""gender"":""F"",""image_url"":""https://ttcbqxmljloxaaqytxsm.supabase.co/storage/v1/object/public/style-images/questionnaires/questionnaire_1787500083108.png""},{""text"":""남성 선택지 1"",""score"":-2,""gender"":""M"",""image_url"":""https://ttcbqxmljloxaaqytxsm.supabase.co/storage/v1/object/public/style-images/questionnaires/questionnaire_1787500084603.png""},{""text"":""남성 선택지 2"",""score"":2,""gender"":""M"",""image_url"":""https://ttcbqxmljloxaaqytxsm.supabase.co/storage/v1/object/public/style-images/questionnaires/questionnaire_1787500085650.png""}]",2026-08-14 08:12:37.200124+00,2026-09-08 10:06:27.735+00,S/R,false
110,text,7,새로운 변화를 준 디자인보다 기본에 충실한 디자인을 더 선호한다.,null,"[{""text"":""매우 그렇다."",""score"":-3},{""text"":""그렇다."",""score"":-2},{""text"":""조금 그렇다."",""score"":-1},{""text"":""조금 그렇지 않다."",""score"":1},{""text"":""그렇지 않다."",""score"":2},{""text"":""매우 그렇지 않다."",""score"":3}]",2026-09-19 22:05:18.356597+00,2026-09-20 05:16:04.611+00,C/T,true
104,text,3,내 스타일로 굳이 사람들의 주목을 받고 싶지는 않다.,null,"[{""text"":""매우 그렇다."",""score"":-3},{""text"":""그렇다."",""score"":-2},{""text"":""조금 그렇다."",""score"":-1},{""text"":""조금 그렇지 않다."",""score"":1},{""text"":""그렇지 않다."",""score"":2},{""text"":""매우 그렇지 않다."",""score"":3}]",2026-09-19 21:59:50.540203+00,2026-09-20 05:11:53.65+00,E/I,true
118,text,13,심플한 옷보다 뭔가 디테일이 있는 옷에 더 끌리는 편이다.,null,"[{""text"":""매우 그렇다."",""score"":3},{""text"":""그렇다."",""score"":2},{""text"":""조금 그렇다."",""score"":1},{""text"":""조금 그렇지 않다."",""score"":-1},{""text"":""그렇지 않다."",""score"":-2},{""text"":""매우 그렇지 않다."",""score"":-3}]",2026-09-19 22:12:19.122181+00,2026-09-20 05:13:42.3+00,D/M,false
111,text,8,예전에 산 옷 중에는 지금도 똑같은 디자인으로 다시 사고 싶은 옷이 있다.,null,"[{""text"":""매우 그렇다."",""score"":-3},{""text"":""그렇다."",""score"":-2},{""text"":""조금 그렇다."",""score"":-1},{""text"":""조금 그렇지 않다."",""score"":1},{""text"":""그렇지 않다."",""score"":2},{""text"":""매우 그렇지 않다."",""score"":3}]",2026-09-19 22:07:46.49302+00,2026-09-20 05:15:40.385+00,C/T,true
105,text,4,눈에 띄거나 화려한 컬러는 내 스타일과는 거리가 있다.,null,"[{""text"":""매우 그렇다."",""score"":-3},{""text"":""그렇다."",""score"":-2},{""text"":""조금 그렇다."",""score"":-1},{""text"":""조금 그렇지 않다."",""score"":1},{""text"":""그렇지 않다."",""score"":2},{""text"":""매우 그렇지 않다."",""score"":3}]",2026-09-19 22:01:51.18073+00,2026-09-20 05:12:24.434+00,E/I,true
120,text,15,장식적인 디자인을 최대한 걷어낸 심플한 옷차림을 선호한다.,null,"[{""text"":""매우 그렇다."",""score"":-3},{""text"":""그렇다."",""score"":-2},{""text"":""조금 그렇다."",""score"":-1},{""text"":""조금 그렇지 않다."",""score"":1},{""text"":""그렇지 않다."",""score"":2},{""text"":""매우 그렇지 않다."",""score"":3}]",2026-09-19 22:13:56.906129+00,2026-09-20 05:13:06.644+00,D/M,true
113,text,10,옷을 입었을 때 몸에 딱 맞는 착용감을 선호하는 편이다.,null,"[{""text"":""매우 그렇다."",""score"":3},{""text"":""그렇다."",""score"":2},{""text"":""조금 그렇다."",""score"":1},{""text"":""조금 그렇지 않다."",""score"":-1},{""text"":""그렇지 않다."",""score"":-2},{""text"":""매우 그렇지 않다."",""score"":-3}]",2026-09-19 22:08:51.407383+00,2026-09-20 05:14:39.61+00,S/R,false
93,image,26,당신의 스타일은?,null,"[{""text"":""여성 선택지 1"",""score"":2,""gender"":""F"",""image_url"":""https://ttcbqxmljloxaaqytxsm.supabase.co/storage/v1/object/public/style-images/questionnaires/questionnaire_1787499751808.png""},{""text"":""여성 선택지 2"",""score"":-2,""gender"":""F"",""image_url"":""https://ttcbqxmljloxaaqytxsm.supabase.co/storage/v1/object/public/style-images/questionnaires/questionnaire_1787499752613.png""},{""text"":""남성 선택지 1"",""score"":2,""gender"":""M"",""image_url"":""https://ttcbqxmljloxaaqytxsm.supabase.co/storage/v1/object/public/style-images/questionnaires/questionnaire_1788511535154.png""},{""text"":""남성 선택지 2"",""score"":-2,""gender"":""M"",""image_url"":""https://ttcbqxmljloxaaqytxsm.supabase.co/storage/v1/object/public/style-images/questionnaires/questionnaire_1788511535591.png""}]",2026-08-14 08:08:21.538949+00,2026-09-04 08:45:36.774+00,C/T,false
112,text,9,재킷이나 코트를 입었을 때 어깨선과 허리선이 분명한 실루엣에 더 끌리는 편이다.,null,"[{""text"":""매우 그렇다."",""score"":3},{""text"":""그렇다."",""score"":2},{""text"":""조금 그렇다."",""score"":1},{""text"":""조금 그렇지 않다."",""score"":-1},{""text"":""그렇지 않다."",""score"":-2},{""text"":""매우 그렇지 않다."",""score"":-3}]",2026-09-19 22:08:25.678997+00,2026-09-20 05:15:16.702+00,S/R,false
96,image,29,당신의 스타일은?,null,"[{""text"":""여성 선택지 1"",""score"":2,""gender"":""F"",""image_url"":""https://ttcbqxmljloxaaqytxsm.supabase.co/storage/v1/object/public/style-images/questionnaires/questionnaire_1788513284372.png""},{""text"":""여성 선택지 2"",""score"":-2,""gender"":""F"",""image_url"":""https://ttcbqxmljloxaaqytxsm.supabase.co/storage/v1/object/public/style-images/questionnaires/questionnaire_1788513285590.png""},{""text"":""남성 선택지 1"",""score"":2,""gender"":""M"",""image_url"":""https://ttcbqxmljloxaaqytxsm.supabase.co/storage/v1/object/public/style-images/questionnaires/questionnaire_1788511654022.png""},{""text"":""남성 선택지 2"",""score"":-2,""gender"":""M"",""image_url"":""https://ttcbqxmljloxaaqytxsm.supabase.co/storage/v1/object/public/style-images/questionnaires/questionnaire_1788511654504.png""}]",2026-08-14 08:14:45.966409+00,2026-09-04 09:14:48.209+00,D/M,false
98,image,31,당신의 스타일은?,null,"[{""text"":""여성 선택지 1"",""score"":2,""gender"":""F"",""image_url"":""https://ttcbqxmljloxaaqytxsm.supabase.co/storage/v1/object/public/style-images/questionnaires/questionnaire_1788843519275.png""},{""text"":""여성 선택지 2"",""score"":-2,""gender"":""F"",""image_url"":""https://ttcbqxmljloxaaqytxsm.supabase.co/storage/v1/object/public/style-images/questionnaires/questionnaire_1788843521297.png""},{""text"":""남성 선택지 1"",""score"":2,""gender"":""M"",""image_url"":""https://ttcbqxmljloxaaqytxsm.supabase.co/storage/v1/object/public/style-images/questionnaires/questionnaire_1788843522865.png""},{""text"":""남성 선택지 2"",""score"":-2,""gender"":""M"",""image_url"":""https://ttcbqxmljloxaaqytxsm.supabase.co/storage/v1/object/public/style-images/questionnaires/questionnaire_1788843524296.png""}]",2026-09-08 04:58:46.149596+00,2026-09-08 04:58:46.149596+00,D/M,false
99,image,32,당신의 스타일은?,null,"[{""text"":""여성 선택지 1"",""score"":2,""gender"":""F"",""image_url"":""https://ttcbqxmljloxaaqytxsm.supabase.co/storage/v1/object/public/style-images/questionnaires/questionnaire_1788843685338.png""},{""text"":""여성 선택지 2"",""score"":-2,""gender"":""F"",""image_url"":""https://ttcbqxmljloxaaqytxsm.supabase.co/storage/v1/object/public/style-images/questionnaires/questionnaire_1788843687296.png""},{""text"":""남성 선택지 1"",""score"":2,""gender"":""M"",""image_url"":""https://ttcbqxmljloxaaqytxsm.supabase.co/storage/v1/object/public/style-images/questionnaires/questionnaire_1788843689236.png""},{""text"":""남성 선택지 2"",""score"":-2,""gender"":""M"",""image_url"":""https://ttcbqxmljloxaaqytxsm.supabase.co/storage/v1/object/public/style-images/questionnaires/questionnaire_1788843690971.png""}]",2026-09-08 05:01:32.531506+00,2026-09-08 05:01:32.531506+00,D/M,false
100,image,33,당신의 스타일은?,null,"[{""text"":""여성 선택지 1"",""score"":2,""gender"":""F"",""image_url"":""https://ttcbqxmljloxaaqytxsm.supabase.co/storage/v1/object/public/style-images/questionnaires/questionnaire_1788843873785.png""},{""text"":""여성 선택지 2"",""score"":-2,""gender"":""F"",""image_url"":""https://ttcbqxmljloxaaqytxsm.supabase.co/storage/v1/object/public/style-images/questionnaires/questionnaire_1788843875329.png""},{""text"":""남성 선택지 1"",""score"":2,""gender"":""M"",""image_url"":""https://ttcbqxmljloxaaqytxsm.supabase.co/storage/v1/object/public/style-images/questionnaires/questionnaire_1788859717084.png""},{""text"":""남성 선택지 2"",""score"":-2,""gender"":""M"",""image_url"":""https://ttcbqxmljloxaaqytxsm.supabase.co/storage/v1/object/public/style-images/questionnaires/questionnaire_1788859720313.png""}]",2026-09-08 05:04:40.159247+00,2026-09-08 09:28:42.485+00,C/T,false
121,text,16,패턴이나 그래픽이 들어간 것보다 솔리드한 단색 스타일을 더 선호하는 편이다.,null,"[{""text"":""매우 그렇다."",""score"":-3},{""text"":""그렇다."",""score"":-2},{""text"":""조금 그렇다."",""score"":-1},{""text"":""조금 그렇지 않다."",""score"":1},{""text"":""그렇지 않다."",""score"":2},{""text"":""매우 그렇지 않다."",""score"":3}]",2026-09-19 22:14:44.92226+00,2026-09-20 05:12:46.772+00,D/M,true