style_code,name,sub_title,definition,description,analysis,etc,created_at,updated_at,written_by
ETSM,Design Explorer,조용한 디자인은 날 자꾸 불러.,"과감하고 독특한 디자인을 자신 있게 즐기는 타입입니다. 디자인 그 자체로 충분한 존재감을 드러내며, 간결하고 정돈된 표현으로 자신만의 스타일을 완성합니다.","""그런 옷은 어디서 찾았어?""라는 말을 종종 듣습니다. 남들은 그냥 지나칠 수 있는 옷에서 당신은 평범하지 않은 독특한 디자인 요소를 먼저 알아보거든요. 화려하거나 복잡해서가 아닙니다. 절개선이나 트임 같은 곳에서 작은 변화가 느껴지는 옷이라면 당신에게는 충분히 특별합니다. 실험적인 형태나 비례의 옷들도 과하지 않다면 잘 소화해 냅니다. 새로운 디자인의 힘을 믿기 때문에 다른 디테일적 요소들은 배제하는 편이고 절제된 세련미를 추구합니다.","-  눈에 잘 띄지 않는 스타일보다는 자신의 존재감이 분명하게 드러나는 스타일을 더 선호합니다.
-  익숙하게 보아온 디자인보다 새롭게 재해석한 디자인에 더 끌립니다.
-  부드럽고 여유 있는 스타일보다는 옷의 실루엣과 핏이 분명히 살아 있는 스타일을 더 선호합니다.
-  장식이나 포인트 요소가 많은 스타일보다는 심플하고 간결한 스타일에 더 끌립니다.",{},2026-08-09 03:44:02.893944+00,2026-09-20 01:08:14.056+00,null
ECSD,Noblesse Icon,"화려함은 타고나는 거야, 꾸미는 게 아니야.",과하지 않은 화려함은 물론 빈틈없는 완성도와 돋보이는 세련미로 클래식한 스타일을 완성하는 타입입니다. 어디서든 '잘 갖춰 입은 사람'이라는 인상을 줍니다.,"옷을 잘 입는다는 말을 자주 듣습니다. 옷을 살 때 클래식한 디자인 안에서 남들이 지나치는 디테일을 놓치지 않아요. 내 몸에 깔끔하게 맞는 실루엣을 기본으로 마감이 꼼꼼한지, 소재는 적절한지, 재치 있는 포인트는 무엇이 될지 빈틈없이 체크합니다. 그 결과, 과하게 드러내지 않아도 자연스럽게 화려하고 고급스러운 당신의 스타일이 완성되지요. 잘 차려입은 당신의 모습은 언제나 당당해 보이고 사람들은 그런 당신의 세련된 안목을 신뢰하게 됩니다.","-  눈에 잘 띄지 않는 스타일보다는 자신의 존재감이 분명하게 드러나는 스타일을 더 선호합니다.
-  변형을 많이 준 디자인보다 기본에 충실한 클래식한 디자인을 더 선호합니다.
-  부드럽고 여유 있는 스타일보다는 옷의 실루엣과 핏이 분명히 살아 있는 스타일을 더 선호합니다.
-  단순하게 보이는 스타일보다는 다양한 디테일 포인트가 살아 있는 스타일을 더 선호합니다.",{},2026-08-09 03:44:02.893944+00,2026-09-20 01:08:14.623+00,null
ECRM,Mood Maker,"내 분위기, 따라 한다고 될까?",심플하고 자연스러운 스타일을 좋아하지만 자칫 성의 없어 보이는 옷차림은 경계하는 타입입니다. 요란하지 않은 조용한 방식으로 편안하고 클래식한 분위기를 표현하려고 합니다.,"사람들은 당신에게 분위기가 있다는 말을 하곤 합니다. 특별히 눈에 띄는 옷을 입는 것도 아닌데 말이죠. 당신의 스타일의 장점은 화려한 디테일이나 강한 포인트가 아닙니다. 전체적으로 조화로운 무드에 있어요. 여유 있는 핏, 통일감 있는 질감과 색상을 선택해 일부러 꾸미진 않은 듯하지만 그렇다고 아무렇게나 걸친 것처럼 보이지 않도록 정교하지만 자연스럽게 스타일링합니다. 굳이 애써 시선을 끌려고 하지 않아도 어디서나 자연스럽게 존재감을 남깁니다.","-  눈에 잘 띄지 않는 스타일보다는 자신의 존재감이 분명하게 드러나는 스타일을 더 선호합니다.
-  변형을 많이 준 디자인보다 기본에 충실한 클래식한 디자인을 더 선호합니다.
-  몸에 딱 맞는 스타일보다는 여유 있는 핏과 편안한 느낌의 스타일에 더 끌립니다.
-  장식이나 포인트 요소가 많은 스타일보다는 심플하고 간결한 스타일에 더 끌립니다.",{},2026-08-09 03:44:02.893944+00,2026-09-20 01:08:14.817+00,null
ITSM,Silhouette Designer,실루엣이 곧 디자인이야.,독특한 디자인과 정돈된 실루엣을 자신만의 방식으로 즐기는 타입입니다. 간결한 표현 속에서 옷의 형태와 비례가 만들어내는 새로운 느낌을 중요하게 생각합니다.,"익숙한 옷도 형태나 비례가 새롭게 바뀌면 전혀 다른 디자인처럼 느껴집니다. 남들에게는 비슷해 보이는 옷도, 당신은 실루엣과 비례의 작은 차이를 금방 알아봅니다. 그래서 새로운 디자인이라도 복잡하게 꾸며진 옷보다는 형태가 깔끔하고 정돈되어 보이는 쪽에 더 끌립니다. 실루엣 자체가 충분히 살아 있다면 많은 디테일이 없어도 그 자체로 충분하다고 느끼기 때문입니다.
겉으로 보기엔 마음에 드는 옷이라도, 실제로 입었을 때는 이야기가 달라집니다. 실루엣과 핏이 내 몸에서 어떻게 살아나는지를 확인하고, 그 모습이 나답게 느껴질 때 비로소 내 옷이라는 확신이 생깁니다.","-  남의 시선을 끄는 스타일보다는 사람들 사이에서 자연스럽게 어우러지는 스타일을 더 선호합니다.
-  익숙하게 보아온 디자인보다 새롭게 재해석한 디자인에 더 끌립니다.
-  부드럽고 여유 있는 스타일보다는 옷의 실루엣과 핏이 분명히 살아 있는 스타일을 더 선호합니다.
-  장식이나 포인트 요소가 많은 스타일보다는 심플하고 간결한 스타일에 더 끌립니다.",{},2026-08-09 03:44:02.893944+00,2026-09-20 01:08:15.269+00,null
ICSD,Fine Dresser,적당히는 내 스타일이 아니야.,"클래식한 디자인과 형태가 잘 잡힌 실루엣을 선호합니다. 섬세한 디테일에서 옷의 완성도를 발견하고, 그런 작은 차이에서 특별한 만족을 느끼는 타입입니다.","눈에 띄는 화려함보다 옷 자체의 완성도를 더 중요하게 생각합니다. 남들이 알아채지 못해도 스스로 보기엔 조금 흐트러진 부분이 금방 눈에 들어오고, 옷차림이 깔끔하게 정돈되어 있을 때 가장 편안함을 느낍니다.
특히 심플하고 클래식한 옷일수록 작은 차이가 더 잘 보이기 때문에, 핏과 소재, 디테일과 마무리까지 더 세심하게 보게 됩니다. 남들에게 잘 보이기 위해서라기보다 스스로 만족할 만큼 완성된 모습을 중요하게 여기기 때문에, 과하게 꾸미지 않아도 자연스럽게 세련되고 옷을 참 잘 입는 사람이라는 인상을 남깁니다.","-  남의 시선을 끄는 스타일보다는 사람들 사이에서 자연스럽게 어우러지는 스타일을 더 선호합니다.
-  변형을 많이 준 디자인보다 기본에 충실한 클래식한 디자인을 더 선호합니다.
-  부드럽고 여유 있는 스타일보다는 옷의 실루엣과 핏이 분명히 살아 있는 스타일을 더 선호합니다.
-  단순하게 보이는 스타일보다는 다양한 디테일 포인트가 살아 있는 스타일을 더 선호합니다.",{},2026-08-09 03:44:02.893944+00,2026-09-20 01:08:15.611+00,null
ICSM,Classic Selector,꼭 새로운 게 더 좋은 걸까?,절제된 클래식으로 군더더기 없는 깔끔한 스타일을 선호하는 타입입니다. 화려한 차림새보다는 단정한 느낌의 옷을 좋아합니다. 언제나 심플함이 최선이라는 것을 잘 알고 있습니다.,"'클래식은 영원하다'는 말을 신뢰합니다. 화려한 장식보다는 미니멀한 디자인과 잘 잡힌 형태, 좋은 소재에서 오는 완성도를 중요하게 생각합니다. 심플하고 단정한 옷도 당신이 입으면 충분히 세련되고 고급스럽게 보입니다. 나에게 잘 맞는 스타일에 확신이 있어 좀처럼 바뀌지 않는 편입니다. 당신의 세련된 분위기는 심플하고 절제된 스타일에서 자연스럽게 드러납니다. 그렇게 오래 다듬어진 취향이 당신을 언제나 단정하고 고급스럽게 보이게 합니다.","-  남의 시선을 끄는 스타일보다는 사람들 사이에서 자연스럽게 어우러지는 스타일을 더 선호합니다.
-  변형을 많이 준 디자인보다 기본에 충실한 클래식한 디자인을 더 선호합니다.
-  부드럽고 여유 있는 스타일보다는 옷의 실루엣과 핏이 분명히 살아 있는 스타일을 더 선호합니다.
-  장식이나 포인트 요소가 많은 스타일보다는 심플하고 간결한 스타일에 더 끌립니다.",{},2026-08-09 03:44:02.893944+00,2026-09-20 01:08:15.443+00,null
ETRM,Style Translator,평범함? 나를 만나면 특별해져.,과감함과 과함의 차이를 구별하는 안목이 뛰어납니다. 화려하고 자유로운 스타일을 어색하지 않게 자신에게 적용하는 센스가 있어 늘 스타일리시하면서도 편안해 보입니다.,"당신은 '옷 참 잘 입는데 부담스럽지가 않다'는 주변의 평가를 듣습니다. 익숙한 옷도 형태나 비례에 작은 변화가 더해지면, 당신이 입었을 때 훨씬 새롭고 특별하게 보입니다. 누군가에게는 과해 보일 수 있는 옷도 당신은 자연스럽게 소화합니다. 불필요한 디테일을 배제하고 포인트를 디자인에 집중시키는 감각이 뛰어나 결코 과해 보이지 않습니다. 화려함과 편안함 사이에서 자신만의 스타일로 적절하게 균형을 잡는 능력이 있습니다.","-  눈에 잘 띄지 않는 스타일보다는 자신의 존재감이 분명하게 드러나는 스타일을 더 선호합니다.
-  익숙하게 보아온 디자인보다 새롭게 재해석한 디자인에 더 끌립니다.
-  몸에 딱 맞는 스타일보다는 여유 있는 핏과 편안한 느낌의 스타일에 더 끌립니다.
-  장식이나 포인트 요소가 많은 스타일보다는 심플하고 간결한 스타일에 더 끌립니다.",{},2026-08-09 03:44:02.893944+00,2026-09-20 01:08:15.944+00,null
ITSD,Style Guardian,남의 시선은 중요치 않아.,"자신의 취향과 기준이 분명하고, 예상 밖의 디자인에도 자연스럽게 끌리는 타입입니다. 형태와 디테일까지 자신의 기준으로 조율해, 과하게 드러내지 않아도 분명히 자기다운 스타일을 완성합니다.","평범하게 느껴지는 옷보다, 한 번 더 눈길이 가는 새로운 디자인에 더 끌립니다. 그 새로움이 꼭 화려하거나 과감할 필요는 없습니다. 작은 변화 하나만 있어도 평범했던 디자인이 전혀 다르게 보일 때가 있으니까요.
마음에 든 디자인도 그대로 따라가기보다, 자신에게 어울리는 방식으로 풀어냅니다. 그렇게 자기 기준으로 완성한 스타일은 새로운 디자인도 과해 보이지 않고 자연스럽게 자기 것이 됩니다. 그래서 특별히 애써 드러내지 않아도, 자신만의 스타일이 분명한 사람이라는 인상을 남깁니다.","-  남의 시선을 끄는 스타일보다는 사람들 사이에서 자연스럽게 어우러지는 스타일을 더 선호합니다.
-  익숙하게 보아온 디자인보다 새롭게 재해석한 디자인에 더 끌립니다.
-  부드럽고 여유 있는 스타일보다는 옷의 실루엣과 핏이 분명히 살아 있는 스타일을 더 선호합니다.
-  단순하게 보이는 스타일보다는 다양한 디테일 포인트가 살아 있는 스타일을 더 선호합니다.",{},2026-08-09 03:44:02.893944+00,2026-09-20 01:08:16.116+00,null
ETSD,Runway Star,"내가 들어서면, 조명이 나를 따라와.","화려하고 대담한 스타일로 사람들의 시선을 사로잡는 타입이에요. 새로운 디자인과 나를 돋보이게 하는 분명한 실루엣, 센스 있는 디테일로 어디서나 압도적인 존재감을 보여줍니다.","평소에도 지루하게 입는 건 싫어합니다. 그래서 ""오늘 무슨 날이야?""라는 말을 듣곤 하지요. 당신에게 평범한 차림은 남들의 그것과는 다릅니다. 화려한 옷을 좋아하는데, 그중에서도 디자인이 새롭거나 실루엣이 분명한 옷을 선호하고, 마지막에 오늘의 스타일을 빛내 줄 포인트 하나하나까지 세심하게 신경 씁니다. 어디에 가든 사람들의 시선이 느껴지는 편이지만 그 시선이 꼭 불편하진 않습니다. 사람들은 당신이 단지 무슨 옷을 입었는지보다 '그 자리에서 빛나는 당신'을 인상 깊게 기억합니다.","-  눈에 잘 띄지 않는 스타일보다는 자신의 존재감이 분명하게 드러나는 스타일을 더 선호합니다.
-  익숙하게 보아온 디자인보다 새롭게 재해석한 디자인에 더 끌립니다.
-  부드럽고 여유 있는 스타일보다는 옷의 실루엣과 핏이 분명히 살아 있는 스타일을 더 선호합니다.
-  단순하게 보이는 스타일보다는 다양한 디테일 포인트가 살아 있는 스타일을 더 선호합니다.",{},2026-08-09 03:44:02.893944+00,2026-09-20 01:08:16.274+00,null
ETRD,Urban Curator,"진정한 멋은, 편안함에서 나와.",화려하고 디테일이 살아 있는 스타일을 추구하되 편안함을 놓치지 않는 타입이에요. 새로운 디자인과 여유 있는 실루엣을 자신만의 감각으로 자연스럽게 풀어냅니다.,"당신은 트레이닝복을 입고 파티에 가도 존재감이 뚜렷할 타입입니다. 편안해 보이는 스타일도 사실은 자신의 취향과 선택이 분명하게 담겨 있습니다.
새로운 디자인이나 눈에 띄는 디테일도 당신이 입으면 과하게 느껴지기보다 자연스럽게 어우러집니다. 조금 낯선 스타일도 자신에게 맞는 방식으로 편안하게 풀어내는 감각이 뛰어납니다.
사람들은 당신을 보면 힘을 준 것 같지 않은데도 묘하게 눈에 띈다고 느낍니다. 자연스럽고 편안해 보이면서도 스타일리시하다는 말을 자주 듣는 것도 바로 그 때문입니다.","-  눈에 잘 띄지 않는 스타일보다는 자신의 존재감이 분명하게 드러나는 스타일을 더 선호합니다.
-  익숙하게 보아온 디자인보다 새롭게 재해석한 디자인에 더 끌립니다.
-  몸에 딱 맞는 스타일보다는 여유 있는 핏과 편안한 느낌의 스타일에 더 끌립니다.
-  단순하게 보이는 스타일보다는 다양한 디테일 포인트가 살아 있는 스타일을 더 선호합니다.",{},2026-08-09 03:44:02.893944+00,2026-09-20 01:08:16.443+00,null
ECSM,Style Master,디자인이 특별해서? 나니까 특별해 보이는 거야.,"정확한 실루엣과 좋은 소재만으로 진정한 클래식을 완성하는 타입입니다. 
내 몸에 잘 맞는 옷의 색이나 질감만으로도 충분히 세련된 멋을 만들 수 있는 감각이 있습니다.","여러 가지를 복잡하게 더하기보다, 깔끔하게 정돈된 스타일에 더 끌립니다. 특별한 디자인이 아니어도 컬러와 실루엣만 딱 떨어지면 충분히 멋있다고 믿거든요. 자신에게 어울리는 컬러와 핏을 잘 알고 있어서, 힘을 많이 주지 않아도 전체적인 인상이 깔끔하게 완성됩니다. 단정하고 절제된 디자인일수록 소재와 실루엣에서 느껴지는 완성도를 중요하게 봅니다. 그래서 특별히 눈에 띄는 요소가 없어도, 늘 세련되고 옷을 잘 입는 사람이라는 인상을 줍니다.","-  눈에 잘 띄지 않는 스타일보다는 자신의 존재감이 분명하게 드러나는 스타일을 더 선호합니다.
-  변형을 많이 준 디자인보다 기본에 충실한 클래식한 디자인을 더 선호합니다.
-  부드럽고 여유 있는 스타일보다는 옷의 실루엣과 핏이 분명히 살아 있는 스타일을 더 선호합니다.
-  장식이나 포인트 요소가 많은 스타일보다는 심플하고 간결한 스타일에 더 끌립니다.",{},2026-08-09 03:44:02.893944+00,2026-09-20 01:08:16.605+00,null
ICRD,Detail Keeper,"비슷해 보여도, 내겐 전부 달라.",편안하고 클래식한 스타일을 선호하지만 자신만의 기준이 분명한 타입입니다. 옷의 완성도를 결정하는 작은 디테일 하나하나를 정확하게 캐치하는 안목이 뛰어납니다.,"남들에겐 다 비슷해 보일지 몰라도 당신의 눈에는 그 차이가 분명합니다. 편안하고 클래식한 옷일수록 소재의 느낌이나 작은 디테일, 마무리의 차이를 더 중요하게 봅니다. 기본 화이트 티셔츠처럼 단순한 옷도 당신에게는 결코 다 똑같아 보이지 않습니다. 그래서 비슷한 옷들 사이에서도 어느 쪽이 더 잘 만들어졌는지 금방 알아차립니다. 그런 안목 덕분에 특별히 화려하게 꾸미지 않아도 당신의 스타일은 언제나 자연스럽고 세련되어 보입니다.","-  남의 시선을 끄는 스타일보다는 사람들 사이에서 자연스럽게 어우러지는 스타일을 더 선호합니다.
-  변형을 많이 준 디자인보다 기본에 충실한 클래식한 디자인을 더 선호합니다.
-  몸에 딱 맞는 스타일보다는 여유 있는 핏과 편안한 느낌의 스타일에 더 끌립니다.
-  단순하게 보이는 스타일보다는 다양한 디테일 포인트가 살아 있는 스타일을 더 선호합니다.",{},2026-08-09 03:44:02.893944+00,2026-09-20 01:08:16.778+00,null
ECRD,Signature Editor,"예쁜 건 많아도, 내 스타일은 많지 않아.",클래식한 스타일을 기반으로 자신만의 화려함을 더하는 타입입니다. 다양하고 풍부한 색상과 디테일로 자신만의 스타일을 완성합니다.,"마음에 드는 옷을 찾기가 쉽지 않습니다. 얼핏 괜찮아 보여도, 막상 보면 어딘가 조금 아쉬운 경우가 많기 때문입니다. 편안하고 자연스럽게 흐르는 실루엣은 기본이지만, 그것만으로는 당신에게 충분하지 않습니다. 클래식하고 편안한 옷 안에서도 나만의 개성을 보여줄 확실하고 감각 있는 포인트가 있어야 마음이 갑니다.
그래서 무난해 보이는 옷에서도 전체 분위기를 바꿔주는 작은 차이를 빠르게 알아보는 편입니다. 겉으로는 평범해 보여도, 그 작은 디테일 하나가 전체 인상을 바꿔줄 때 비로소 이 옷이 내 스타일이라는 확신이 생깁니다.","-  눈에 잘 띄지 않는 스타일보다는 자신의 존재감이 분명하게 드러나는 스타일을 더 선호합니다.
-  변형을 많이 준 디자인보다 기본에 충실한 클래식한 디자인을 더 선호합니다.
-  몸에 딱 맞는 스타일보다는 여유 있는 핏과 편안한 느낌의 스타일에 더 끌립니다.
-  단순하게 보이는 스타일보다는 다양한 디테일 포인트가 살아 있는 스타일을 더 선호합니다.",{},2026-08-09 03:44:02.893944+00,2026-09-20 01:08:15.773+00,null
ITRD,Style Hunter,나를 만족시키는 브랜드 잘 없을걸?,"새롭고 개성 있는 디자인에 끌리지만, 자연스럽고 편안해야 한다는 자신만의 기준도 분명한 타입입니다. 무엇보다 자신의 취향을 남의 시선보다 더 중요하게 생각합니다.","아무 옷이나 쉽게 마음에 들지는 않습니다. 편안하고 자연스러워야 하는 건 기본이고, 익숙한 스타일과는 조금 다른 새로움이 느껴져야 마음이 갑니다. 거기에 소재나 디테일까지 눈에 들어오는 작은 차이가 있어야 비로소 더 끌립니다.
하지만 자신의 기준에 잘 맞는 옷이라면, 조금 낯선 디자인도 망설이지 않고 받아들이는 편입니다. 그래서 편안해 보이면서도 결코 평범하지 않고, 자연스럽게 자기 스타일이 분명한 사람이라는 인상을 남깁니다. 남들은 쉽게 시도하지 않을 것 같은 디자인도 당신이 입으면 자연스럽게 어울려 보입니다.","-  남의 시선을 끄는 스타일보다는 사람들 사이에서 자연스럽게 어우러지는 스타일을 더 선호합니다.
-  익숙하게 보아온 디자인보다 새롭게 재해석한 디자인에 더 끌립니다.
-  몸에 딱 맞는 스타일보다는 여유 있는 핏과 편안한 느낌의 스타일에 더 끌립니다.
-  단순하게 보이는 스타일보다는 다양한 디테일 포인트가 살아 있는 스타일을 더 선호합니다.",{},2026-08-09 03:44:02.893944+00,2026-09-20 01:08:16.938+00,null
ICRM,Comfort Finder,나한텐 이게 제일 편하고 좋더라.,"편안함 속에서 절제된 멋을 찾는 타입입니다.
기본에 충실한 디자인과 자연스럽고 단정한 스타일을 선호합니다.","유행에 따라 옷을 바꾸기보다 나에게 익숙하고 편안한 스타일을 선호합니다. 나에게 잘 어울리는 디자인과 색을 알고 있어, 익숙한 스타일도 늘 편안하고 만족스럽게 느껴집니다. 장식이 많거나 시선을 끄는 요소가 강한 옷보다는 디자인이 단순하고 몸을 편안하게 해주는 옷을 좋아합니다. 입었을 때 자연스럽고 신경 쓰이지 않는 옷일수록 더 자주 손이 갑니다. 화려하게 꾸미지 않아도 편안함과 절제만으로 충분히 멋있을 수 있다는 걸 잘 알고 있습니다.","-  남의 시선을 끄는 스타일보다는 사람들 사이에서 자연스럽게 어우러지는 스타일을 더 선호합니다.
-  변형을 많이 준 디자인보다 기본에 충실한 클래식한 디자인을 더 선호합니다.
-  몸에 딱 맞는 스타일보다는 여유 있는 핏과 편안한 느낌의 스타일에 더 끌립니다.
-  장식이나 포인트 요소가 많은 스타일보다는 심플하고 간결한 스타일에 더 끌립니다.",{},2026-08-09 03:44:02.893944+00,2026-09-20 01:08:17.099+00,null
ITRM,Modern Flow,"새로운 건 좋아, 과한 건 싫어.","기본적으로 편안하고 심플한 스타일을 좋아하지만, 지루한 옷은 별로라서 독특하고 새로운 디자인에 매력을 느끼곤 합니다. 새로운 디자인도 과하게 보이지 않도록 자신만의 방식으로 자연스럽게 풀어내는 감각이 있는 타입입니다.","익숙한 디자인에 작은 변화가 더해져 새롭게 느껴지는 옷에 마음이 갑니다. 하지만 너무 화려하거나 과하게 느껴지는 디자인은 부담스럽습니다. 전체적으로는 자연스럽고 심플한 스타일을 좋아하지만, 그 안에 평범하지 않은 한 가지가 있을 때 더 흥미를 느낍니다.
조금 낯선 디자인도 자신에게 맞는 방식으로 자연스럽게 소화하는 편입니다. 새로운 요소를 편안한 스타일 안에 무리 없이 섞어내는 감각이 있습니다.
그래서 특별히 힘을 주지 않아도, 사람들은 당신의 스타일에서 평범하지 않은 감각을 느낍니다. 편안하고 자연스러운데도 어딘가 새롭고 세련되어 보이는 것이 당신 스타일의 매력입니다.","-  남의 시선을 끄는 스타일보다는 사람들 사이에서 자연스럽게 어우러지는 스타일을 더 선호합니다.
-  익숙하게 보아온 디자인보다 새롭게 재해석한 디자인에 더 끌립니다.
-  몸에 딱 맞는 스타일보다는 여유 있는 핏과 편안한 느낌의 스타일에 더 끌립니다.
-  장식이나 포인트 요소가 많은 스타일보다는 심플하고 간결한 스타일에 더 끌립니다.",{},2026-08-09 03:44:02.893944+00,2026-09-20 01:08:17.532+00,null